-248855,1221534,-1225349,-637919,-678628,-491969,-193972,-85260,31756,201511,-1061362,-647785,-32249,-905315,-1199457
-248855,1221534,-1225349,-637919,-678628,-491969,-193972,-85260,31756,201511,-1061362,-647785,-32249,-905315,-1199457
-248855,1221534,-1225349,-637919,-678628,-491969,-193972,-85260,31756,201511,-1061362,-647785,-32249,-905315,-1199457
-248855,1221534,-1225349,-637919,-678628,-491969,-193972,-85260,31756,201511,-1061362,-647785,-32249,-905315,-1199457
-248855,1221534,-1225349,-637919,-678628,-491969,-193972,-85260,31756,201511,-1061362,-647785,-32249,-905315,-1199457
-248855,1221534,-1225349,-637919,-678628,-491969,-193972,-85260,31756,201511,-1061362,-647785,-32249,-905315,-1199457
-248855,1221534,-1225349,-637919,-678628,-491969,-193972,-85260,31756,201511,-1061362,-647785,-32249,-905315,-1199457
-248855,1221534,-1225349,-637919,-678628,-491969,-193972,-85260,31756,201511,-1061362,-647785,-32249,-905315,-1199457
-248855,1221534,-1225349,-637919,-678628,-491969,-193972,-85260,31756,201511,-1061362,-647785,-32249,-905315,-1199457
-248855,1221534,-1225349,-637919,-678628,-491969,-193972,-85260,31756,201511,-1061362,-647785,-32249,-905315,-1199457
-248855,1221534,-1225349,-637919,-678628,-491969,-193972,-85260,31756,201511,-1061362,-647785,-32249,-905315,-1199457
-248855,1221534,-1225349,-637919,-678628,-491969,-193972,-85260,31756,201511,-1061362,-647785,-32249,-905315,-1199457
-248855,1221534,-1225349,-637919,-678628,-491969,-193972,-85260,31756,201511,-1061362,-647785,-32249,-905315,-1199457
-248855,1221534,-1225349,-637919,-678628,-491969,-193972,-85260,31756,201511,-1061362,-647785,-32249,-905315,-1199457
-248855,1221534,-1225349,-637919,-678628,-491969,-193972,-85260,31756,201511,-1061362,-647785,-32249,-905315,-1199457
-248855,1221534,-1225349,-637919,-678628,-491969,-193972,-85260,31756,201511,-1061362,-647785,-32249,-905315,-1199457
-248855,1221534,-1225349,-637919,-678628,-491969,-193972,-85260,31756,201511,-1061362,-647785,-32249,-905315,-1199457
-248855,1221534,-1225349,-637919,-678628,-491969,-193972,-85260,31756,201511,-1061362,-647785,-32249,-905315,-1199457
-248855,1221534,-1225349,-637919,-678628,-491969,-193972,-85260,31756,201511,-1061362,-647785,-32249,-905315,-1199457
-248855,1221534,-1225349,-637919,-678628,-491969,-193972,-85260,31756,201511,-1061362,-647785,-32249,-905315,-1199457
-248855,1221534,-1225349,-637919,-678628,-491969,-193972,-85260,31756,201511,-1061362,-647785,-32249,-905315,-1199457
-248855,1221534,-1225349,-637919,-678628,-491969,-193972,-85260,31756,201511,-1061362,-647785,-32249,-905315,-1199457
-248855,1221534,-1225349,-637919,-678628,-491969,-193972,-85260,31756,201511,-1061362,-647785,-32249,-905315,-1199457
-248855,1221534,-1225349,-637919,-678628,-491969,-193972,-85260,31756,201511,-1061362,-647785,-32249,-905315,-1199457
-248855,1221534,-1225349,-637919,-678628,-491969,-193972,-85260,31756,201511,-1061362,-647785,-32249,-905315,-1199457
-248855,1221534,-1225349,-637919,-678628,-491969,-193972,-85260,31756,201511,-1061362,-647785,-32249,-905315,-1199457
-248855,1221534,-1225349,-637919,-678628,-491969,-193972,-85260,31756,201511,-1061362,-647785,-32249,-905315,-1199457
-248855,1221534,-1225349,-637919,-678628,-491969,-193972,-85260,31756,201511,-1061362,-647785,-32249,-905315,-1199457
-248855,1221534,-1225349,-637919,-678628,-491969,-193972,-85260,31756,201511,-1061362,-647785,-32249,-905315,-1199457
-248855,1221534,-1225349,-637919,-678628,-491969,-193972,-85260,31756,201511,-1061362,-647785,-32249,-905315,-1199457
-248855,1221534,-1225349,-637919,-678628,-491969,-193972,-85260,31756,201511,-1061362,-647785,-32249,-905315,-1199457
-248855,1221534,-1225349,-637919,-678628,-491969,-193972,-85260,31756,201511,-1061362,-647785,-32249,-905315,-1199457
-248855,1221534,-1225349,-637919,-678628,-491969,-193972,-85260,31756,201511,-1061362,-647785,-32249,-905315,-1199457
-248855,1221534,-1225349,-637919,-678628,-491969,-193972,-85260,31756,201511,-1061362,-647785,-32249,-905315,-1199457
-248855,1221534,-1225349,-637919,-678628,-491969,-193972,-85260,31756,201511,-1061362,-647785,-32249,-905315,-1199457
-248855,1221534,-1225349,-637919,-678628,-491969,-193972,-85260,31756,201511,-1061362,-647785,-32249,-905315,-1199457
-248855,1221534,-1225349,-637919,-678628,-491969,-193972,-85260,31756,201511,-1061362,-647785,-32249,-905315,-1199457
-248855,1221534,-1225349,-637919,-678628,-491969,-193972,-85260,31756,201511,-1061362,-647785,-32249,-905315,-1199457
-248855,1221534,-1225349,-637919,-678628,-491969,-193972,-85260,31756,201511,-1061362,-647785,-32249,-905315,-1199457
-248855,1221534,-1225349,-637919,-678628,-491969,-193972,-85260,31756,201511,-1061362,-647785,-32249,-905315,-1199457
-248855,1221534,-1225349,-637919,-678628,-491969,-193972,-85260,31756,201511,-1061362,-647785,-32249,-905315,-1199457
-248855,1221534,-1225349,-637919,-678628,-491969,-193972,-85260,31756,201511,-1061362,-647785,-32249,-905315,-1199457
-248855,1221534,-1225349,-637919,-678628,-491969,-193972,-85260,31756,201511,-1061362,-647785,-32249,-905315,-1199457
-248855,1221534,-1225349,-637919,-678628,-491969,-193972,-85260,31756,201511,-1061362,-647785,-32249,-905315,-1199457
-248855,1221534,-1225349,-637919,-678628,-491969,-193972,-85260,31756,201511,-1061362,-647785,-32249,-905315,-1199457
-248855,1221534,-1225349,-637919,-678628,-491969,-193972,-85260,31756,201511,-1061362,-647785,-32249,-905315,-1199457
-248855,1221534,-1225349,-637919,-678628,-491969,-193972,-85260,31756,201511,-1061362,-647785,-32249,-905315,-1199457
-248855,1221534,-1225349,-637919,-678628,-491969,-193972,-85260,31756,201511,-1061362,-647785,-32249,-905315,-1199457
-248855,1221534,-1225349,-637919,-678628,-491969,-193972,-85260,31756,201511,-1061362,-647785,-32249,-905315,-1199457
-248855,1221534,-1225349,-637919,-678628,-491969,-193972,-85260,31756,201511,-1061362,-647785,-32249,-905315,-1199457
-248855,1221534,-1225349,-637919,-678628,-491969,-193972,-85260,31756,201511,-1061362,-647785,-32249,-905315,-1199457
-248855,1221534,-1225349,-637919,-678628,-491969,-193972,-85260,31756,201511,-1061362,-647785,-32249,-905315,-1199457
-248855,1221534,-1225349,-637919,-678628,-491969,-193972,-85260,31756,201511,-1061362,-647785,-32249,-905315,-1199457
-248855,1221534,-1225349,-637919,-678628,-491969,-193972,-85260,31756,201511,-1061362,-647785,-32249,-905315,-1199457
-248855,1221534,-1225349,-637919,-678628,-491969,-193972,-85260,31756,201511,-1061362,-647785,-32249,-905315,-1199457
-248855,1221534,-1225349,-637919,-678628,-491969,-193972,-85260,31756,201511,-1061362,-647785,-32249,-905315,-1199457
-248855,1221534,-1225349,-637919,-678628,-491969,-193972,-85260,31756,201511,-1061362,-647785,-32249,-905315,-1199457
-248855,1221534,-1225349,-637919,-678628,-491969,-193972,-85260,31756,201511,-1061362,-647785,-32249,-905315,-1199457
-248855,1221534,-1225349,-637919,-678628,-491969,-193972,-85260,31756,201511,-1061362,-647785,-32249,-905315,-1199457
-248855,1221534,-1225349,-637919,-678628,-491969,-193972,-85260,31756,201511,-1061362,-647785,-32249,-905315,-1199457
-248855,1221534,-1225349,-637919,-678628,-491969,-193972,-85260,31756,201511,-1061362,-647785,-32249,-905315,-1199457
-248855,1221534,-1225349,-637919,-678628,-491969,-193972,-85260,31756,201511,-1061362,-647785,-32249,-905315,-1199457
-248855,1221534,-1225349,-637919,-678628,-491969,-193972,-85260,31756,201511,-1061362,-647785,-32249,-905315,-1199457
-248855,1221534,-1225349,-637919,-678628,-491969,-193972,-85260,31756,201511,-1061362,-647785,-32249,-905315,-1199457
-248855,1221534,-1225349,-637919,-678628,-491969,-193972,-85260,31756,201511,-1061362,-647785,-32249,-905315,-1199457
-248855,1221534,-1225349,-637919,-678628,-491969,-193972,-85260,31756,201511,-1061362,-647785,-32249,-905315,-1199457
-248855,1221534,-1225349,-637919,-678628,-491969,-193972,-85260,31756,201511,-1061362,-647785,-32249,-905315,-1199457
-248855,1221534,-1225349,-637919,-678628,-491969,-193972,-85260,31756,201511,-1061362,-647785,-32249,-905315,-1199457
-248855,1221534,-1225349,-637919,-678628,-491969,-193972,-85260,31756,201511,-1061362,-647785,-32249,-905315,-1199457
-248855,1221534,-1225349,-637919,-678628,-491969,-193972,-85260,31756,201511,-1061362,-647785,-32249,-905315,-1199457
-248855,1221534,-1225349,-637919,-678628,-491969,-193972,-85260,31756,201511,-1061362,-647785,-32249,-905315,-1199457
-248855,1221534,-1225349,-637919,-678628,-491969,-193972,-85260,31756,201511,-1061362,-647785,-32249,-905315,-1199457
-248855,1221534,-1225349,-637919,-678628,-491969,-193972,-85260,31756,201511,-1061362,-647785,-32249,-905315,-1199457
-248855,1221534,-1225349,-637919,-678628,-491969,-193972,-85260,31756,201511,-1061362,-647785,-32249,-905315,-1199457
-248855,1221534,-1225349,-637919,-678628,-491969,-193972,-85260,31756,201511,-1061362,-647785,-32249,-905315,-1199457
-248855,1221534,-1225349,-637919,-678628,-491969,-193972,-85260,31756,201511,-1061362,-647785,-32249,-905315,-1199457
-248855,1221534,-1225349,-637919,-678628,-491969,-193972,-85260,31756,201511,-1061362,-647785,-32249,-905315,-1199457
-248855,1221534,-1225349,-637919,-678628,-491969,-193972,-85260,31756,201511,-1061362,-647785,-32249,-905315,-1199457
-248855,1221534,-1225349,-637919,-678628,-491969,-193972,-85260,31756,201511,-1061362,-647785,-32249,-905315,-1199457
-248855,1221534,-1225349,-637919,-678628,-491969,-193972,-85260,31756,201511,-1061362,-647785,-32249,-905315,-1199457
-248855,1221534,-1225349,-637919,-678628,-491969,-193972,-85260,31756,201511,-1061362,-647785,-32249,-905315,-1199457
-248855,1221534,-1225349,-637919,-678628,-491969,-193972,-85260,31756,201511,-1061362,-647785,-32249,-905315,-1199457
-248855,1221534,-1225349,-637919,-678628,-491969,-193972,-85260,31756,201511,-1061362,-647785,-32249,-905315,-1199457
-248855,1221534,-1225349,-637919,-678628,-491969,-193972,-85260,31756,201511,-1061362,-647785,-32249,-905315,-1199457
-248855,1221534,-1225349,-637919,-678628,-491969,-193972,-85260,31756,201511,-1061362,-647785,-32249,-905315,-1199457
-248855,1221534,-1225349,-637919,-678628,-491969,-193972,-85260,31756,201511,-1061362,-647785,-32249,-905315,-1199457
-248855,1221534,-1225349,-637919,-678628,-491969,-193972,-85260,31756,201511,-1061362,-647785,-32249,-905315,-1199457
-248855,1221534,-1225349,-637919,-678628,-491969,-193972,-85260,31756,201511,-1061362,-647785,-32249,-905315,-1199457
-248855,1221534,-1225349,-637919,-678628,-491969,-193972,-85260,31756,201511,-1061362,-647785,-32249,-905315,-1199457
-248855,1221534,-1225349,-637919,-678628,-491969,-193972,-85260,31756,201511,-1061362,-647785,-32249,-905315,-1199457
-248855,1221534,-1225349,-637919,-678628,-491969,-193972,-85260,31756,201511,-1061362,-647785,-32249,-905315,-1199457
-248855,1221534,-1225349,-637919,-678628,-491969,-193972,-85260,31756,201511,-1061362,-647785,-32249,-905315,-1199457
-248855,1221534,-1225349,-637919,-678628,-491969,-193972,-85260,31756,201511,-1061362,-647785,-32249,-905315,-1199457
-248855,1221534,-1225349,-637919,-678628,-491969,-193972,-85260,31756,201511,-1061362,-647785,-32249,-905315,-1199457
-248855,1221534,-1225349,-637919,-678628,-491969,-193972,-85260,31756,201511,-1061362,-647785,-32249,-905315,-1199457
-248855,1221534,-1225349,-637919,-678628,-491969,-193972,-85260,31756,201511,-1061362,-647785,-32249,-905315,-1199457
-248855,1221534,-1225349,-637919,-678628,-491969,-193972,-85260,31756,201511,-1061362,-647785,-32249,-905315,-1199457
-248855,1221534,-1225349,-637919,-678628,-491969,-193972,-85260,31756,201511,-1061362,-647785,-32249,-905315,-1199457
-248855,1221534,-1225349,-637919,-678628,-491969,-193972,-85260,31756,201511,-1061362,-647785,-32249,-905315,-1199457
-248855,1221534,-1225349,-637919,-678628,-491969,-193972,-85260,31756,201511,-1061362,-647785,-32249,-905315,-1199457
-248855,1221534,-1225349,-637919,-678628,-491969,-193972,-85260,31756,201511,-1061362,-647785,-32249,-905315,-1199457
-248855,1221534,-1225349,-637919,-678628,-491969,-193972,-85260,31756,201511,-1061362,-647785,-32249,-905315,-1199457
-248855,1221534,-1225349,-637919,-678628,-491969,-193972,-85260,31756,201511,-1061362,-647785,-32249,-905315,-1199457
-248855,1221534,-1225349,-637919,-678628,-491969,-193972,-85260,31756,201511,-1061362,-647785,-32249,-905315,-1199457
-248855,1221534,-1225349,-637919,-678628,-491969,-193972,-85260,31756,201511,-1061362,-647785,-32249,-905315,-1199457
-248855,1221534,-1225349,-637919,-678628,-491969,-193972,-85260,31756,201511,-1061362,-647785,-32249,-905315,-1199457
-248855,1221534,-1225349,-637919,-678628,-491969,-193972,-85260,31756,201511,-1061362,-647785,-32249,-905315,-1199457
-248855,1221534,-1225349,-637919,-678628,-491969,-193972,-85260,31756,201511,-1061362,-647785,-32249,-905315,-1199457
-248855,1221534,-1225349,-637919,-678628,-491969,-193972,-85260,31756,201511,-1061362,-647785,-32249,-905315,-1199457
-248855,1221534,-1225349,-637919,-678628,-491969,-193972,-85260,31756,201511,-1061362,-647785,-32249,-905315,-1199457
-248855,1221534,-1225349,-637919,-678628,-491969,-193972,-85260,31756,201511,-1061362,-647785,-32249,-905315,-1199457
-248855,1221534,-1225349,-637919,-678628,-491969,-193972,-85260,31756,201511,-1061362,-647785,-32249,-905315,-1199457
-248855,1221534,-1225349,-637919,-678628,-491969,-193972,-85260,31756,201511,-1061362,-647785,-32249,-905315,-1199457
-248855,1221534,-1225349,-637919,-678628,-491969,-193972,-85260,31756,201511,-1061362,-647785,-32249,-905315,-1199457
-248855,1221534,-1225349,-637919,-678628,-491969,-193972,-85260,31756,201511,-1061362,-647785,-32249,-905315,-1199457
-248855,1221534,-1225349,-637919,-678628,-491969,-193972,-85260,31756,201511,-1061362,-647785,-32249,-905315,-1199457
-248855,1221534,-1225349,-637919,-678628,-491969,-193972,-85260,31756,201511,-1061362,-647785,-32249,-905315,-1199457
-248855,1221534,-1225349,-637919,-678628,-491969,-193972,-85260,31756,201511,-1061362,-647785,-32249,-905315,-1199457
-248855,1221534,-1225349,-637919,-678628,-491969,-193972,-85260,31756,201511,-1061362,-647785,-32249,-905315,-1199457
-248855,1221534,-1225349,-637919,-678628,-491969,-193972,-85260,31756,201511,-1061362,-647785,-32249,-905315,-1199457
-248855,1221534,-1225349,-637919,-678628,-491969,-193972,-85260,31756,201511,-1061362,-647785,-32249,-905315,-1199457
-248855,1221534,-1225349,-637919,-678628,-491969,-193972,-85260,31756,201511,-1061362,-647785,-32249,-905315,-1199457
-248855,1221534,-1225349,-637919,-678628,-491969,-193972,-85260,31756,201511,-1061362,-647785,-32249,-905315,-1199457
-248855,1221534,-1225349,-637919,-678628,-491969,-193972,-85260,31756,201511,-1061362,-647785,-32249,-905315,-1199457
-248855,1221534,-1225349,-637919,-678628,-491969,-193972,-85260,31756,201511,-1061362,-647785,-32249,-905315,-1199457
-248855,1221534,-1225349,-637919,-678628,-491969,-193972,-85260,31756,201511,-1061362,-647785,-32249,-905315,-1199457
-248855,1221534,-1225349,-637919,-678628,-491969,-193972,-85260,31756,201511,-1061362,-647785,-32249,-905315,-1199457
-248855,1221534,-1225349,-637919,-678628,-491969,-193972,-85260,31756,201511,-1061362,-647785,-32249,-905315,-1199457
-248855,1221534,-1225349,-637919,-678628,-491969,-193972,-85260,31756,201511,-1061362,-647785,-32249,-905315,-1199457
-248855,1221534,-1225349,-637919,-678628,-491969,-193972,-85260,31756,201511,-1061362,-647785,-32249,-905315,-1199457
-248855,1221534,-1225349,-637919,-678628,-491969,-193972,-85260,31756,201511,-1061362,-647785,-32249,-905315,-1199457
-248855,1221534,-1225349,-637919,-678628,-491969,-193972,-85260,31756,201511,-1061362,-647785,-32249,-905315,-1199457
-248855,1221534,-1225349,-637919,-678628,-491969,-193972,-85260,31756,201511,-1061362,-647785,-32249,-905315,-1199457
-248855,1221534,-1225349,-637919,-678628,-491969,-193972,-85260,31756,201511,-1061362,-647785,-32249,-905315,-1199457
-248855,1221534,-1225349,-637919,-678628,-491969,-193972,-85260,31756,201511,-1061362,-647785,-32249,-905315,-1199457
-248855,1221534,-1225349,-637919,-678628,-491969,-193972,-85260,31756,201511,-1061362,-647785,-32249,-905315,-1199457
-248855,1221534,-1225349,-637919,-678628,-491969,-193972,-85260,31756,201511,-1061362,-647785,-32249,-905315,-1199457
-248855,1221534,-1225349,-637919,-678628,-491969,-193972,-85260,31756,201511,-1061362,-647785,-32249,-905315,-1199457
-248855,1221534,-1225349,-637919,-678628,-491969,-193972,-85260,31756,201511,-1061362,-647785,-32249,-905315,-1199457
-248855,1221534,-1225349,-637919,-678628,-491969,-193972,-85260,31756,201511,-1061362,-647785,-32249,-905315,-1199457
-248855,1221534,-1225349,-637919,-678628,-491969,-193972,-85260,31756,201511,-1061362,-647785,-32249,-905315,-1199457
-248855,1221534,-1225349,-637919,-678628,-491969,-193972,-85260,31756,201511,-1061362,-647785,-32249,-905315,-1199457
-248855,1221534,-1225349,-637919,-678628,-491969,-193972,-85260,31756,201511,-1061362,-647785,-32249,-905315,-1199457
-248855,1221534,-1225349,-637919,-678628,-491969,-193972,-85260,31756,201511,-1061362,-647785,-32249,-905315,-1199457
-248855,1221534,-1225349,-637919,-678628,-491969,-193972,-85260,31756,201511,-1061362,-647785,-32249,-905315,-1199457
-248855,1221534,-1225349,-637919,-678628,-491969,-193972,-85260,31756,201511,-1061362,-647785,-32249,-905315,-1199457
-248855,1221534,-1225349,-637919,-678628,-491969,-193972,-85260,31756,201511,-1061362,-647785,-32249,-905315,-1199457
-248855,1221534,-1225349,-637919,-678628,-491969,-193972,-85260,31756,201511,-1061362,-647785,-32249,-905315,-1199457
-248855,1221534,-1225349,-637919,-678628,-491969,-193972,-85260,31756,201511,-1061362,-647785,-32249,-905315,-1199457
-248855,1221534,-1225349,-637919,-678628,-491969,-193972,-85260,31756,201511,-1061362,-647785,-32249,-905315,-1199457
-248855,1221534,-1225349,-637919,-678628,-491969,-193972,-85260,31756,201511,-1061362,-647785,-32249,-905315,-1199457
-248855,1221534,-1225349,-637919,-678628,-491969,-193972,-85260,31756,201511,-1061362,-647785,-32249,-905315,-1199457
-248855,1221534,-1225349,-637919,-678628,-491969,-193972,-85260,31756,201511,-1061362,-647785,-32249,-905315,-1199457
-248855,1221534,-1225349,-637919,-678628,-491969,-193972,-85260,31756,201511,-1061362,-647785,-32249,-905315,-1199457
-248855,1221534,-1225349,-637919,-678628,-491969,-193972,-85260,31756,201511,-1061362,-647785,-32249,-905315,-1199457
-248855,1221534,-1225349,-637919,-678628,-491969,-193972,-85260,31756,201511,-1061362,-647785,-32249,-905315,-1199457
-248855,1221534,-1225349,-637919,-678628,-491969,-193972,-85260,31756,201511,-1061362,-647785,-32249,-905315,-1199457
-248855,1221534,-1225349,-637919,-678628,-491969,-193972,-85260,31756,201511,-1061362,-647785,-32249,-905315,-1199457
-248855,1221534,-1225349,-637919,-678628,-491969,-193972,-85260,31756,201511,-1061362,-647785,-32249,-905315,-1199457
-248855,1221534,-1225349,-637919,-678628,-491969,-193972,-85260,31756,201511,-1061362,-647785,-32249,-905315,-1199457
-248855,1221534,-1225349,-637919,-678628,-491969,-193972,-85260,31756,201511,-1061362,-647785,-32249,-905315,-1199457
-248855,1221534,-1225349,-637919,-678628,-491969,-193972,-85260,31756,201511,-1061362,-647785,-32249,-905315,-1199457
-248855,1221534,-1225349,-637919,-678628,-491969,-193972,-85260,31756,201511,-1061362,-647785,-32249,-905315,-1199457
-248855,1221534,-1225349,-637919,-678628,-491969,-193972,-85260,31756,201511,-1061362,-647785,-32249,-905315,-1199457
-248855,1221534,-1225349,-637919,-678628,-491969,-193972,-85260,31756,201511,-1061362,-647785,-32249,-905315,-1199457
-248855,1221534,-1225349,-637919,-678628,-491969,-193972,-85260,31756,201511,-1061362,-647785,-32249,-905315,-1199457
-248855,1221534,-1225349,-637919,-678628,-491969,-193972,-85260,31756,201511,-1061362,-647785,-32249,-905315,-1199457
-248855,1221534,-1225349,-637919,-678628,-491969,-193972,-85260,31756,201511,-1061362,-647785,-32249,-905315,-1199457
-248855,1221534,-1225349,-637919,-678628,-491969,-193972,-85260,31756,201511,-1061362,-647785,-32249,-905315,-1199457
-248855,1221534,-1225349,-637919,-678628,-491969,-193972,-85260,31756,201511,-1061362,-647785,-32249,-905315,-1199457
-248855,1221534,-1225349,-637919,-678628,-491969,-193972,-85260,31756,201511,-1061362,-647785,-32249,-905315,-1199457
-248855,1221534,-1225349,-637919,-678628,-491969,-193972,-85260,31756,201511,-1061362,-647785,-32249,-905315,-1199457
-248855,1221534,-1225349,-637919,-678628,-491969,-193972,-85260,31756,201511,-1061362,-647785,-32249,-905315,-1199457
-248855,1221534,-1225349,-637919,-678628,-491969,-193972,-85260,31756,201511,-1061362,-647785,-32249,-905315,-1199457
-248855,1221534,-1225349,-637919,-678628,-491969,-193972,-85260,31756,201511,-1061362,-647785,-32249,-905315,-1199457
-248855,1221534,-1225349,-637919,-678628,-491969,-193972,-85260,31756,201511,-1061362,-647785,-32249,-905315,-1199457
-248855,1221534,-1225349,-637919,-678628,-491969,-193972,-85260,31756,201511,-1061362,-647785,-32249,-905315,-1199457
-248855,1221534,-1225349,-637919,-678628,-491969,-193972,-85260,31756,201511,-1061362,-647785,-32249,-905315,-1199457
-248855,1221534,-1225349,-637919,-678628,-491969,-193972,-85260,31756,201511,-1061362,-647785,-32249,-905315,-1199457
-248855,1221534,-1225349,-637919,-678628,-491969,-193972,-85260,31756,201511,-1061362,-647785,-32249,-905315,-1199457
-248855,1221534,-1225349,-637919,-678628,-491969,-193972,-85260,31756,201511,-1061362,-647785,-32249,-905315,-1199457
-248855,1221534,-1225349,-637919,-678628,-491969,-193972,-85260,31756,201511,-1061362,-647785,-32249,-905315,-1199457
-248855,1221534,-1225349,-637919,-678628,-491969,-193972,-85260,31756,201511,-1061362,-647785,-32249,-905315,-1199457
-248855,1221534,-1225349,-637919,-678628,-491969,-193972,-85260,31756,201511,-1061362,-647785,-32249,-905315,-1199457
-248855,1221534,-1225349,-637919,-678628,-491969,-193972,-85260,31756,201511,-1061362,-647785,-32249,-905315,-1199457
-248855,1221534,-1225349,-637919,-678628,-491969,-193972,-85260,31756,201511,-1061362,-647785,-32249,-905315,-1199457
-248855,1221534,-1225349,-637919,-678628,-491969,-193972,-85260,31756,201511,-1061362,-647785,-32249,-905315,-1199457
-248855,1221534,-1225349,-637919,-678628,-491969,-193972,-85260,31756,201511,-1061362,-647785,-32249,-905315,-1199457
-248855,1221534,-1225349,-637919,-678628,-491969,-193972,-85260,31756,201511,-1061362,-647785,-32249,-905315,-1199457
-248855,1221534,-1225349,-637919,-678628,-491969,-193972,-85260,31756,201511,-1061362,-647785,-32249,-905315,-1199457
-248855,1221534,-1225349,-637919,-678628,-491969,-193972,-85260,31756,201511,-1061362,-647785,-32249,-905315,-1199457
-248855,1221534,-1225349,-637919,-678628,-491969,-193972,-85260,31756,201511,-1061362,-647785,-32249,-905315,-1199457
-248855,1221534,-1225349,-637919,-678628,-491969,-193972,-85260,31756,201511,-1061362,-647785,-32249,-905315,-1199457
-248855,1221534,-1225349,-637919,-678628,-491969,-193972,-85260,31756,201511,-1061362,-647785,-32249,-905315,-1199457
-248855,1221534,-1225349,-637919,-678628,-491969,-193972,-85260,31756,201511,-1061362,-647785,-32249,-905315,-1199457
-248855,1221534,-1225349,-637919,-678628,-491969,-193972,-85260,31756,201511,-1061362,-647785,-32249,-905315,-1199457
-248855,1221534,-1225349,-637919,-678628,-491969,-193972,-85260,31756,201511,-1061362,-647785,-32249,-905315,-1199457
-248855,1221534,-1225349,-637919,-678628,-491969,-193972,-85260,31756,201511,-1061362,-647785,-32249,-905315,-1199457
-248855,1221534,-1225349,-637919,-678628,-491969,-193972,-85260,31756,201511,-1061362,-647785,-32249,-905315,-1199457
-248855,1221534,-1225349,-637919,-678628,-491969,-193972,-85260,31756,201511,-1061362,-647785,-32249,-905315,-1199457
-248855,1221534,-1225349,-637919,-678628,-491969,-193972,-85260,31756,201511,-1061362,-647785,-32249,-905315,-1199457
-248855,1221534,-1225349,-637919,-678628,-491969,-193972,-85260,31756,201511,-1061362,-647785,-32249,-905315,-1199457
-248855,1221534,-1225349,-637919,-678628,-491969,-193972,-85260,31756,201511,-1061362,-647785,-32249,-905315,-1199457
-248855,1221534,-1225349,-637919,-678628,-491969,-193972,-85260,31756,201511,-1061362,-647785,-32249,-905315,-1199457
-248855,1221534,-1225349,-637919,-678628,-491969,-193972,-85260,31756,201511,-1061362,-647785,-32249,-905315,-1199457
-248855,1221534,-1225349,-637919,-678628,-491969,-193972,-85260,31756,201511,-1061362,-647785,-32249,-905315,-1199457
-248855,1221534,-1225349,-637919,-678628,-491969,-193972,-85260,31756,201511,-1061362,-647785,-32249,-905315,-1199457
-248855,1221534,-1225349,-637919,-678628,-491969,-193972,-85260,31756,201511,-1061362,-647785,-32249,-905315,-1199457
-248855,1221534,-1225349,-637919,-678628,-491969,-193972,-85260,31756,201511,-1061362,-647785,-32249,-905315,-1199457
-248855,1221534,-1225349,-637919,-678628,-491969,-193972,-85260,31756,201511,-1061362,-647785,-32249,-905315,-1199457
-248855,1221534,-1225349,-637919,-678628,-491969,-193972,-85260,31756,201511,-1061362,-647785,-32249,-905315,-1199457
-248855,1221534,-1225349,-637919,-678628,-491969,-193972,-85260,31756,201511,-1061362,-647785,-32249,-905315,-1199457
-248855,1221534,-1225349,-637919,-678628,-491969,-193972,-85260,31756,201511,-1061362,-647785,-32249,-905315,-1199457
-248855,1221534,-1225349,-637919,-678628,-491969,-193972,-85260,31756,201511,-1061362,-647785,-32249,-905315,-1199457
-248855,1221534,-1225349,-637919,-678628,-491969,-193972,-85260,31756,201511,-1061362,-647785,-32249,-905315,-1199457
-248855,1221534,-1225349,-637919,-678628,-491969,-193972,-85260,31756,201511,-1061362,-647785,-32249,-905315,-1199457
-248855,1221534,-1225349,-637919,-678628,-491969,-193972,-85260,31756,201511,-1061362,-647785,-32249,-905315,-1199457
-248855,1221534,-1225349,-637919,-678628,-491969,-193972,-85260,31756,201511,-1061362,-647785,-32249,-905315,-1199457
-248855,1221534,-1225349,-637919,-678628,-491969,-193972,-85260,31756,201511,-1061362,-647785,-32249,-905315,-1199457
-248855,1221534,-1225349,-637919,-678628,-491969,-193972,-85260,31756,201511,-1061362,-647785,-32249,-905315,-1199457
-248855,1221534,-1225349,-637919,-678628,-491969,-193972,-85260,31756,201511,-1061362,-647785,-32249,-905315,-1199457
-248855,1221534,-1225349,-637919,-678628,-491969,-193972,-85260,31756,201511,-1061362,-647785,-32249,-905315,-1199457
-248855,1221534,-1225349,-637919,-678628,-491969,-193972,-85260,31756,201511,-1061362,-647785,-32249,-905315,-1199457
-248855,1221534,-1225349,-637919,-678628,-491969,-193972,-85260,31756,201511,-1061362,-647785,-32249,-905315,-1199457
-248855,1221534,-1225349,-637919,-678628,-491969,-193972,-85260,31756,201511,-1061362,-647785,-32249,-905315,-1199457
-248855,1221534,-1225349,-637919,-678628,-491969,-193972,-85260,31756,201511,-1061362,-647785,-32249,-905315,-1199457
-248855,1221534,-1225349,-637919,-678628,-491969,-193972,-85260,31756,201511,-1061362,-647785,-32249,-905315,-1199457
-248855,1221534,-1225349,-637919,-678628,-491969,-193972,-85260,31756,201511,-1061362,-647785,-32249,-905315,-1199457
-248855,1221534,-1225349,-637919,-678628,-491969,-193972,-85260,31756,201511,-1061362,-647785,-32249,-905315,-1199457
-248855,1221534,-1225349,-637919,-678628,-491969,-193972,-85260,31756,201511,-1061362,-647785,-32249,-905315,-1199457
-248855,1221534,-1225349,-637919,-678628,-491969,-193972,-85260,31756,201511,-1061362,-647785,-32249,-905315,-1199457
-248855,1221534,-1225349,-637919,-678628,-491969,-193972,-85260,31756,201511,-1061362,-647785,-32249,-905315,-1199457
-248855,1221534,-1225349,-637919,-678628,-491969,-193972,-85260,31756,201511,-1061362,-647785,-32249,-905315,-1199457
-248855,1221534,-1225349,-637919,-678628,-491969,-193972,-85260,31756,201511,-1061362,-647785,-32249,-905315,-1199457
-248855,1221534,-1225349,-637919,-678628,-491969,-193972,-85260,31756,201511,-1061362,-647785,-32249,-905315,-1199457
-248855,1221534,-1225349,-637919,-678628,-491969,-193972,-85260,31756,201511,-1061362,-647785,-32249,-905315,-1199457
-248855,1221534,-1225349,-637919,-678628,-491969,-193972,-85260,31756,201511,-1061362,-647785,-32249,-905315,-1199457
-248855,1221534,-1225349,-637919,-678628,-491969,-193972,-85260,31756,201511,-1061362,-647785,-32249,-905315,-1199457
-248855,1221534,-1225349,-637919,-678628,-491969,-193972,-85260,31756,201511,-1061362,-647785,-32249,-905315,-1199457
-248855,1221534,-1225349,-637919,-678628,-491969,-193972,-85260,31756,201511,-1061362,-647785,-32249,-905315,-1199457
-248855,1221534,-1225349,-637919,-678628,-491969,-193972,-85260,31756,201511,-1061362,-647785,-32249,-905315,-1199457
-248855,1221534,-1225349,-637919,-678628,-491969,-193972,-85260,31756,201511,-1061362,-647785,-32249,-905315,-1199457
-248855,1221534,-1225349,-637919,-678628,-491969,-193972,-85260,31756,201511,-1061362,-647785,-32249,-905315,-1199457
-248855,1221534,-1225349,-637919,-678628,-491969,-193972,-85260,31756,201511,-1061362,-647785,-32249,-905315,-1199457
-248855,1221534,-1225349,-637919,-678628,-491969,-193972,-85260,31756,201511,-1061362,-647785,-32249,-905315,-1199457
-248855,1221534,-1225349,-637919,-678628,-491969,-193972,-85260,31756,201511,-1061362,-647785,-32249,-905315,-1199457
-248855,1221534,-1225349,-637919,-678628,-491969,-193972,-85260,31756,201511,-1061362,-647785,-32249,-905315,-1199457
-248855,1221534,-1225349,-637919,-678628,-491969,-193972,-85260,31756,201511,-1061362,-647785,-32249,-905315,-1199457
-248855,1221534,-1225349,-637919,-678628,-491969,-193972,-85260,31756,201511,-1061362,-647785,-32249,-905315,-1199457
-248855,1221534,-1225349,-637919,-678628,-491969,-193972,-85260,31756,201511,-1061362,-647785,-32249,-905315,-1199457
-248855,1221534,-1225349,-637919,-678628,-491969,-193972,-85260,31756,201511,-1061362,-647785,-32249,-905315,-1199457
-248855,1221534,-1225349,-637919,-678628,-491969,-193972,-85260,31756,201511,-1061362,-647785,-32249,-905315,-1199457
-248855,1221534,-1225349,-637919,-678628,-491969,-193972,-85260,31756,201511,-1061362,-647785,-32249,-905315,-1199457
-248855,1221534,-1225349,-637919,-678628,-491969,-193972,-85260,31756,201511,-1061362,-647785,-32249,-905315,-1199457
-248855,1221534,-1225349,-637919,-678628,-491969,-193972,-85260,31756,201511,-1061362,-647785,-32249,-905315,-1199457
-248855,1221534,-1225349,-637919,-678628,-491969,-193972,-85260,31756,201511,-1061362,-647785,-32249,-905315,-1199457
-248855,1221534,-1225349,-637919,-678628,-491969,-193972,-85260,31756,201511,-1061362,-647785,-32249,-905315,-1199457
-248855,1221534,-1225349,-637919,-678628,-491969,-193972,-85260,31756,201511,-1061362,-647785,-32249,-905315,-1199457
-248855,1221534,-1225349,-637919,-678628,-491969,-193972,-85260,31756,201511,-1061362,-647785,-32249,-905315,-1199457
-248855,1221534,-1225349,-637919,-678628,-491969,-193972,-85260,31756,201511,-1061362,-647785,-32249,-905315,-1199457
-248855,1221534,-1225349,-637919,-678628,-491969,-193972,-85260,31756,201511,-1061362,-647785,-32249,-905315,-1199457
-248855,1221534,-1225349,-637919,-678628,-491969,-193972,-85260,31756,201511,-1061362,-647785,-32249,-905315,-1199457
-248855,1221534,-1225349,-637919,-678628,-491969,-193972,-85260,31756,201511,-1061362,-647785,-32249,-905315,-1199457
-248855,1221534,-1225349,-637919,-678628,-491969,-193972,-85260,31756,201511,-1061362,-647785,-32249,-905315,-1199457
-248855,1221534,-1225349,-637919,-678628,-491969,-193972,-85260,31756,201511,-1061362,-647785,-32249,-905315,-1199457
-248855,1221534,-1225349,-637919,-678628,-491969,-193972,-85260,31756,201511,-1061362,-647785,-32249,-905315,-1199457
-248855,1221534,-1225349,-637919,-678628,-491969,-193972,-85260,31756,201511,-1061362,-647785,-32249,-905315,-1199457
-248855,1221534,-1225349,-637919,-678628,-491969,-193972,-85260,31756,201511,-1061362,-647785,-32249,-905315,-1199457
-248855,1221534,-1225349,-637919,-678628,-491969,-193972,-85260,31756,201511,-1061362,-647785,-32249,-905315,-1199457
-248855,1221534,-1225349,-637919,-678628,-491969,-193972,-85260,31756,201511,-1061362,-647785,-32249,-905315,-1199457
-248855,1221534,-1225349,-637919,-678628,-491969,-193972,-85260,31756,201511,-1061362,-647785,-32249,-905315,-1199457
-248855,1221534,-1225349,-637919,-678628,-491969,-193972,-85260,31756,201511,-1061362,-647785,-32249,-905315,-1199457
-248855,1221534,-1225349,-637919,-678628,-491969,-193972,-85260,31756,201511,-1061362,-647785,-32249,-905315,-1199457
-248855,1221534,-1225349,-637919,-678628,-491969,-193972,-85260,31756,201511,-1061362,-647785,-32249,-905315,-1199457
-248855,1221534,-1225349,-637919,-678628,-491969,-193972,-85260,31756,201511,-1061362,-647785,-32249,-905315,-1199457
-248855,1221534,-1225349,-637919,-678628,-491969,-193972,-85260,31756,201511,-1061362,-647785,-32249,-905315,-1199457
-248855,1221534,-1225349,-637919,-678628,-491969,-193972,-85260,31756,201511,-1061362,-647785,-32249,-905315,-1199457
-248855,1221534,-1225349,-637919,-678628,-491969,-193972,-85260,31756,201511,-1061362,-647785,-32249,-905315,-1199457
-248855,1221534,-1225349,-637919,-678628,-491969,-193972,-85260,31756,201511,-1061362,-647785,-32249,-905315,-1199457
-248855,1221534,-1225349,-637919,-678628,-491969,-193972,-85260,31756,201511,-1061362,-647785,-32249,-905315,-1199457
-248855,1221534,-1225349,-637919,-678628,-491969,-193972,-85260,31756,201511,-1061362,-647785,-32249,-905315,-1199457
-248855,1221534,-1225349,-637919,-678628,-491969,-193972,-85260,31756,201511,-1061362,-647785,-32249,-905315,-1199457
-248855,1221534,-1225349,-637919,-678628,-491969,-193972,-85260,31756,201511,-1061362,-647785,-32249,-905315,-1199457
-248855,1221534,-1225349,-637919,-678628,-491969,-193972,-85260,31756,201511,-1061362,-647785,-32249,-905315,-1199457
-248855,1221534,-1225349,-637919,-678628,-491969,-193972,-85260,31756,201511,-1061362,-647785,-32249,-905315,-1199457
-248855,1221534,-1225349,-637919,-678628,-491969,-193972,-85260,31756,201511,-1061362,-647785,-32249,-905315,-1199457
-248855,1221534,-1225349,-637919,-678628,-491969,-193972,-85260,31756,201511,-1061362,-647785,-32249,-905315,-1199457
-248855,1221534,-1225349,-637919,-678628,-491969,-193972,-85260,31756,201511,-1061362,-647785,-32249,-905315,-1199457
-248855,1221534,-1225349,-637919,-678628,-491969,-193972,-85260,31756,201511,-1061362,-647785,-32249,-905315,-1199457
-248855,1221534,-1225349,-637919,-678628,-491969,-193972,-85260,31756,201511,-1061362,-647785,-32249,-905315,-1199457
-248855,1221534,-1225349,-637919,-678628,-491969,-193972,-85260,31756,201511,-1061362,-647785,-32249,-905315,-1199457
-248855,1221534,-1225349,-637919,-678628,-491969,-193972,-85260,31756,201511,-1061362,-647785,-32249,-905315,-1199457
-248855,1221534,-1225349,-637919,-678628,-491969,-193972,-85260,31756,201511,-1061362,-647785,-32249,-905315,-1199457
-248855,1221534,-1225349,-637919,-678628,-491969,-193972,-85260,31756,201511,-1061362,-647785,-32249,-905315,-1199457
-248855,1221534,-1225349,-637919,-678628,-491969,-193972,-85260,31756,201511,-1061362,-647785,-32249,-905315,-1199457
-248855,1221534,-1225349,-637919,-678628,-491969,-193972,-85260,31756,201511,-1061362,-647785,-32249,-905315,-1199457
-248855,1221534,-1225349,-637919,-678628,-491969,-193972,-85260,31756,201511,-1061362,-647785,-32249,-905315,-1199457
-248855,1221534,-1225349,-637919,-678628,-491969,-193972,-85260,31756,201511,-1061362,-647785,-32249,-905315,-1199457
-248855,1221534,-1225349,-637919,-678628,-491969,-193972,-85260,31756,201511,-1061362,-647785,-32249,-905315,-1199457
-248855,1221534,-1225349,-637919,-678628,-491969,-193972,-85260,31756,201511,-1061362,-647785,-32249,-905315,-1199457
-248855,1221534,-1225349,-637919,-678628,-491969,-193972,-85260,31756,201511,-1061362,-647785,-32249,-905315,-1199457
-248855,1221534,-1225349,-637919,-678628,-491969,-193972,-85260,31756,201511,-1061362,-647785,-32249,-905315,-1199457
-248855,1221534,-1225349,-637919,-678628,-491969,-193972,-85260,31756,201511,-1061362,-647785,-32249,-905315,-1199457
-248855,1221534,-1225349,-637919,-678628,-491969,-193972,-85260,31756,201511,-1061362,-647785,-32249,-905315,-1199457
-248855,1221534,-1225349,-637919,-678628,-491969,-193972,-85260,31756,201511,-1061362,-647785,-32249,-905315,-1199457
-248855,1221534,-1225349,-637919,-678628,-491969,-193972,-85260,31756,201511,-1061362,-647785,-32249,-905315,-1199457
-248855,1221534,-1225349,-637919,-678628,-491969,-193972,-85260,31756,201511,-1061362,-647785,-32249,-905315,-1199457
-248855,1221534,-1225349,-637919,-678628,-491969,-193972,-85260,31756,201511,-1061362,-647785,-32249,-905315,-1199457
-248855,1221534,-1225349,-637919,-678628,-491969,-193972,-85260,31756,201511,-1061362,-647785,-32249,-905315,-1199457
-248855,1221534,-1225349,-637919,-678628,-491969,-193972,-85260,31756,201511,-1061362,-647785,-32249,-905315,-1199457
-248855,1221534,-1225349,-637919,-678628,-491969,-193972,-85260,31756,201511,-1061362,-647785,-32249,-905315,-1199457
-248855,1221534,-1225349,-637919,-678628,-491969,-193972,-85260,31756,201511,-1061362,-647785,-32249,-905315,-1199457
-248855,1221534,-1225349,-637919,-678628,-491969,-193972,-85260,31756,201511,-1061362,-647785,-32249,-905315,-1199457
-248855,1221534,-1225349,-637919,-678628,-491969,-193972,-85260,31756,201511,-1061362,-647785,-32249,-905315,-1199457
-248855,1221534,-1225349,-637919,-678628,-491969,-193972,-85260,31756,201511,-1061362,-647785,-32249,-905315,-1199457
-248855,1221534,-1225349,-637919,-678628,-491969,-193972,-85260,31756,201511,-1061362,-647785,-32249,-905315,-1199457
-248855,1221534,-1225349,-637919,-678628,-491969,-193972,-85260,31756,201511,-1061362,-647785,-32249,-905315,-1199457
-248855,1221534,-1225349,-637919,-678628,-491969,-193972,-85260,31756,201511,-1061362,-647785,-32249,-905315,-1199457
-248855,1221534,-1225349,-637919,-678628,-491969,-193972,-85260,31756,201511,-1061362,-647785,-32249,-905315,-1199457
-248855,1221534,-1225349,-637919,-678628,-491969,-193972,-85260,31756,201511,-1061362,-647785,-32249,-905315,-1199457
-248855,1221534,-1225349,-637919,-678628,-491969,-193972,-85260,31756,201511,-1061362,-647785,-32249,-905315,-1199457
-248855,1221534,-1225349,-637919,-678628,-491969,-193972,-85260,31756,201511,-1061362,-647785,-32249,-905315,-1199457
-248855,1221534,-1225349,-637919,-678628,-491969,-193972,-85260,31756,201511,-1061362,-647785,-32249,-905315,-1199457
-248855,1221534,-1225349,-637919,-678628,-491969,-193972,-85260,31756,201511,-1061362,-647785,-32249,-905315,-1199457
-248855,1221534,-1225349,-637919,-678628,-491969,-193972,-85260,31756,201511,-1061362,-647785,-32249,-905315,-1199457
-248855,1221534,-1225349,-637919,-678628,-491969,-193972,-85260,31756,201511,-1061362,-647785,-32249,-905315,-1199457
-248855,1221534,-1225349,-637919,-678628,-491969,-193972,-85260,31756,201511,-1061362,-647785,-32249,-905315,-1199457
-248855,1221534,-1225349,-637919,-678628,-491969,-193972,-85260,31756,201511,-1061362,-647785,-32249,-905315,-1199457
-248855,1221534,-1225349,-637919,-678628,-491969,-193972,-85260,31756,201511,-1061362,-647785,-32249,-905315,-1199457
-248855,1221534,-1225349,-637919,-678628,-491969,-193972,-85260,31756,201511,-1061362,-647785,-32249,-905315,-1199457
-248855,1221534,-1225349,-637919,-678628,-491969,-193972,-85260,31756,201511,-1061362,-647785,-32249,-905315,-1199457
-248855,1221534,-1225349,-637919,-678628,-491969,-193972,-85260,31756,201511,-1061362,-647785,-32249,-905315,-1199457
-248855,1221534,-1225349,-637919,-678628,-491969,-193972,-85260,31756,201511,-1061362,-647785,-32249,-905315,-1199457
-248855,1221534,-1225349,-637919,-678628,-491969,-193972,-85260,31756,201511,-1061362,-647785,-32249,-905315,-1199457
-248855,1221534,-1225349,-637919,-678628,-491969,-193972,-85260,31756,201511,-1061362,-647785,-32249,-905315,-1199457
-248855,1221534,-1225349,-637919,-678628,-491969,-193972,-85260,31756,201511,-1061362,-647785,-32249,-905315,-1199457
-248855,1221534,-1225349,-637919,-678628,-491969,-193972,-85260,31756,201511,-1061362,-647785,-32249,-905315,-1199457
-248855,1221534,-1225349,-637919,-678628,-491969,-193972,-85260,31756,201511,-1061362,-647785,-32249,-905315,-1199457
-248855,1221534,-1225349,-637919,-678628,-491969,-193972,-85260,31756,201511,-1061362,-647785,-32249,-905315,-1199457
-248855,1221534,-1225349,-637919,-678628,-491969,-193972,-85260,31756,201511,-1061362,-647785,-32249,-905315,-1199457
-248855,1221534,-1225349,-637919,-678628,-491969,-193972,-85260,31756,201511,-1061362,-647785,-32249,-905315,-1199457
-248855,1221534,-1225349,-637919,-678628,-491969,-193972,-85260,31756,201511,-1061362,-647785,-32249,-905315,-1199457
-248855,1221534,-1225349,-637919,-678628,-491969,-193972,-85260,31756,201511,-1061362,-647785,-32249,-905315,-1199457
-248855,1221534,-1225349,-637919,-678628,-491969,-193972,-85260,31756,201511,-1061362,-647785,-32249,-905315,-1199457
-248855,1221534,-1225349,-637919,-678628,-491969,-193972,-85260,31756,201511,-1061362,-647785,-32249,-905315,-1199457
-248855,1221534,-1225349,-637919,-678628,-491969,-193972,-85260,31756,201511,-1061362,-647785,-32249,-905315,-1199457
-248855,1221534,-1225349,-637919,-678628,-491969,-193972,-85260,31756,201511,-1061362,-647785,-32249,-905315,-1199457
-248855,1221534,-1225349,-637919,-678628,-491969,-193972,-85260,31756,201511,-1061362,-647785,-32249,-905315,-1199457
-248855,1221534,-1225349,-637919,-678628,-491969,-193972,-85260,31756,201511,-1061362,-647785,-32249,-905315,-1199457
-248855,1221534,-1225349,-637919,-678628,-491969,-193972,-85260,31756,201511,-1061362,-647785,-32249,-905315,-1199457
-248855,1221534,-1225349,-637919,-678628,-491969,-193972,-85260,31756,201511,-1061362,-647785,-32249,-905315,-1199457
-248855,1221534,-1225349,-637919,-678628,-491969,-193972,-85260,31756,201511,-1061362,-647785,-32249,-905315,-1199457
-248855,1221534,-1225349,-637919,-678628,-491969,-193972,-85260,31756,201511,-1061362,-647785,-32249,-905315,-1199457
-248855,1221534,-1225349,-637919,-678628,-491969,-193972,-85260,31756,201511,-1061362,-647785,-32249,-905315,-1199457
-248855,1221534,-1225349,-637919,-678628,-491969,-193972,-85260,31756,201511,-1061362,-647785,-32249,-905315,-1199457
-248855,1221534,-1225349,-637919,-678628,-491969,-193972,-85260,31756,201511,-1061362,-647785,-32249,-905315,-1199457
-248855,1221534,-1225349,-637919,-678628,-491969,-193972,-85260,31756,201511,-1061362,-647785,-32249,-905315,-1199457
-248855,1221534,-1225349,-637919,-678628,-491969,-193972,-85260,31756,201511,-1061362,-647785,-32249,-905315,-1199457
-248855,1221534,-1225349,-637919,-678628,-491969,-193972,-85260,31756,201511,-1061362,-647785,-32249,-905315,-1199457
-248855,1221534,-1225349,-637919,-678628,-491969,-193972,-85260,31756,201511,-1061362,-647785,-32249,-905315,-1199457
-248855,1221534,-1225349,-637919,-678628,-491969,-193972,-85260,31756,201511,-1061362,-647785,-32249,-905315,-1199457
-248855,1221534,-1225349,-637919,-678628,-491969,-193972,-85260,31756,201511,-1061362,-647785,-32249,-905315,-1199457
-248855,1221534,-1225349,-637919,-678628,-491969,-193972,-85260,31756,201511,-1061362,-647785,-32249,-905315,-1199457
-248855,1221534,-1225349,-637919,-678628,-491969,-193972,-85260,31756,201511,-1061362,-647785,-32249,-905315,-1199457
-248855,1221534,-1225349,-637919,-678628,-491969,-193972,-85260,31756,201511,-1061362,-647785,-32249,-905315,-1199457
-248855,1221534,-1225349,-637919,-678628,-491969,-193972,-85260,31756,201511,-1061362,-647785,-32249,-905315,-1199457
-248855,1221534,-1225349,-637919,-678628,-491969,-193972,-85260,31756,201511,-1061362,-647785,-32249,-905315,-1199457
-248855,1221534,-1225349,-637919,-678628,-491969,-193972,-85260,31756,201511,-1061362,-647785,-32249,-905315,-1199457
-248855,1221534,-1225349,-637919,-678628,-491969,-193972,-85260,31756,201511,-1061362,-647785,-32249,-905315,-1199457
-248855,1221534,-1225349,-637919,-678628,-491969,-193972,-85260,31756,201511,-1061362,-647785,-32249,-905315,-1199457
-248855,1221534,-1225349,-637919,-678628,-491969,-193972,-85260,31756,201511,-1061362,-647785,-32249,-905315,-1199457
-248855,1221534,-1225349,-637919,-678628,-491969,-193972,-85260,31756,201511,-1061362,-647785,-32249,-905315,-1199457
-248855,1221534,-1225349,-637919,-678628,-491969,-193972,-85260,31756,201511,-1061362,-647785,-32249,-905315,-1199457
-248855,1221534,-1225349,-637919,-678628,-491969,-193972,-85260,31756,201511,-1061362,-647785,-32249,-905315,-1199457
-248855,1221534,-1225349,-637919,-678628,-491969,-193972,-85260,31756,201511,-1061362,-647785,-32249,-905315,-1199457
-248855,1221534,-1225349,-637919,-678628,-491969,-193972,-85260,31756,201511,-1061362,-647785,-32249,-905315,-1199457
-248855,1221534,-1225349,-637919,-678628,-491969,-193972,-85260,31756,201511,-1061362,-647785,-32249,-905315,-1199457
-248855,1221534,-1225349,-637919,-678628,-491969,-193972,-85260,31756,201511,-1061362,-647785,-32249,-905315,-1199457
-248855,1221534,-1225349,-637919,-678628,-491969,-193972,-85260,31756,201511,-1061362,-647785,-32249,-905315,-1199457
-248855,1221534,-1225349,-637919,-678628,-491969,-193972,-85260,31756,201511,-1061362,-647785,-32249,-905315,-1199457
-248855,1221534,-1225349,-637919,-678628,-491969,-193972,-85260,31756,201511,-1061362,-647785,-32249,-905315,-1199457
-248855,1221534,-1225349,-637919,-678628,-491969,-193972,-85260,31756,201511,-1061362,-647785,-32249,-905315,-1199457
-248855,1221534,-1225349,-637919,-678628,-491969,-193972,-85260,31756,201511,-1061362,-647785,-32249,-905315,-1199457
-248855,1221534,-1225349,-637919,-678628,-491969,-193972,-85260,31756,201511,-1061362,-647785,-32249,-905315,-1199457
-248855,1221534,-1225349,-637919,-678628,-491969,-193972,-85260,31756,201511,-1061362,-647785,-32249,-905315,-1199457
-248855,1221534,-1225349,-637919,-678628,-491969,-193972,-85260,31756,201511,-1061362,-647785,-32249,-905315,-1199457
-248855,1221534,-1225349,-637919,-678628,-491969,-193972,-85260,31756,201511,-1061362,-647785,-32249,-905315,-1199457
-248855,1221534,-1225349,-637919,-678628,-491969,-193972,-85260,31756,201511,-1061362,-647785,-32249,-905315,-1199457
-248855,1221534,-1225349,-637919,-678628,-491969,-193972,-85260,31756,201511,-1061362,-647785,-32249,-905315,-1199457
-248855,1221534,-1225349,-637919,-678628,-491969,-193972,-85260,31756,201511,-1061362,-647785,-32249,-905315,-1199457
-248855,1221534,-1225349,-637919,-678628,-491969,-193972,-85260,31756,201511,-1061362,-647785,-32249,-905315,-1199457
-248855,1221534,-1225349,-637919,-678628,-491969,-193972,-85260,31756,201511,-1061362,-647785,-32249,-905315,-1199457
-248855,1221534,-1225349,-637919,-678628,-491969,-193972,-85260,31756,201511,-1061362,-647785,-32249,-905315,-1199457
-248855,1221534,-1225349,-637919,-678628,-491969,-193972,-85260,31756,201511,-1061362,-647785,-32249,-905315,-1199457
-248855,1221534,-1225349,-637919,-678628,-491969,-193972,-85260,31756,201511,-1061362,-647785,-32249,-905315,-1199457
-248855,1221534,-1225349,-637919,-678628,-491969,-193972,-85260,31756,201511,-1061362,-647785,-32249,-905315,-1199457
-248855,1221534,-1225349,-637919,-678628,-491969,-193972,-85260,31756,201511,-1061362,-647785,-32249,-905315,-1199457
-248855,1221534,-1225349,-637919,-678628,-491969,-193972,-85260,31756,201511,-1061362,-647785,-32249,-905315,-1199457
-248855,1221534,-1225349,-637919,-678628,-491969,-193972,-85260,31756,201511,-1061362,-647785,-32249,-905315,-1199457
-248855,1221534,-1225349,-637919,-678628,-491969,-193972,-85260,31756,201511,-1061362,-647785,-32249,-905315,-1199457
-248855,1221534,-1225349,-637919,-678628,-491969,-193972,-85260,31756,201511,-1061362,-647785,-32249,-905315,-1199457
-248855,1221534,-1225349,-637919,-678628,-491969,-193972,-85260,31756,201511,-1061362,-647785,-32249,-905315,-1199457
-248855,1221534,-1225349,-637919,-678628,-491969,-193972,-85260,31756,201511,-1061362,-647785,-32249,-905315,-1199457
-248855,1221534,-1225349,-637919,-678628,-491969,-193972,-85260,31756,201511,-1061362,-647785,-32249,-905315,-1199457
-248855,1221534,-1225349,-637919,-678628,-491969,-193972,-85260,31756,201511,-1061362,-647785,-32249,-905315,-1199457
-248855,1221534,-1225349,-637919,-678628,-491969,-193972,-85260,31756,201511,-1061362,-647785,-32249,-905315,-1199457
-248855,1221534,-1225349,-637919,-678628,-491969,-193972,-85260,31756,201511,-1061362,-647785,-32249,-905315,-1199457
-248855,1221534,-1225349,-637919,-678628,-491969,-193972,-85260,31756,201511,-1061362,-647785,-32249,-905315,-1199457
-248855,1221534,-1225349,-637919,-678628,-491969,-193972,-85260,31756,201511,-1061362,-647785,-32249,-905315,-1199457
-248855,1221534,-1225349,-637919,-678628,-491969,-193972,-85260,31756,201511,-1061362,-647785,-32249,-905315,-1199457
-248855,1221534,-1225349,-637919,-678628,-491969,-193972,-85260,31756,201511,-1061362,-647785,-32249,-905315,-1199457
-248855,1221534,-1225349,-637919,-678628,-491969,-193972,-85260,31756,201511,-1061362,-647785,-32249,-905315,-1199457
-248855,1221534,-1225349,-637919,-678628,-491969,-193972,-85260,31756,201511,-1061362,-647785,-32249,-905315,-1199457
-248855,1221534,-1225349,-637919,-678628,-491969,-193972,-85260,31756,201511,-1061362,-647785,-32249,-905315,-1199457
-248855,1221534,-1225349,-637919,-678628,-491969,-193972,-85260,31756,201511,-1061362,-647785,-32249,-905315,-1199457
-248855,1221534,-1225349,-637919,-678628,-491969,-193972,-85260,31756,201511,-1061362,-647785,-32249,-905315,-1199457
-248855,1221534,-1225349,-637919,-678628,-491969,-193972,-85260,31756,201511,-1061362,-647785,-32249,-905315,-1199457
-248855,1221534,-1225349,-637919,-678628,-491969,-193972,-85260,31756,201511,-1061362,-647785,-32249,-905315,-1199457
-248855,1221534,-1225349,-637919,-678628,-491969,-193972,-85260,31756,201511,-1061362,-647785,-32249,-905315,-1199457
-248855,1221534,-1225349,-637919,-678628,-491969,-193972,-85260,31756,201511,-1061362,-647785,-32249,-905315,-1199457
-248855,1221534,-1225349,-637919,-678628,-491969,-193972,-85260,31756,201511,-1061362,-647785,-32249,-905315,-1199457
-248855,1221534,-1225349,-637919,-678628,-491969,-193972,-85260,31756,201511,-1061362,-647785,-32249,-905315,-1199457
-248855,1221534,-1225349,-637919,-678628,-491969,-193972,-85260,31756,201511,-1061362,-647785,-32249,-905315,-1199457
-248855,1221534,-1225349,-637919,-678628,-491969,-193972,-85260,31756,201511,-1061362,-647785,-32249,-905315,-1199457
-248855,1221534,-1225349,-637919,-678628,-491969,-193972,-85260,31756,201511,-1061362,-647785,-32249,-905315,-1199457
-248855,1221534,-1225349,-637919,-678628,-491969,-193972,-85260,31756,201511,-1061362,-647785,-32249,-905315,-1199457
-248855,1221534,-1225349,-637919,-678628,-491969,-193972,-85260,31756,201511,-1061362,-647785,-32249,-905315,-1199457
-248855,1221534,-1225349,-637919,-678628,-491969,-193972,-85260,31756,201511,-1061362,-647785,-32249,-905315,-1199457
-248855,1221534,-1225349,-637919,-678628,-491969,-193972,-85260,31756,201511,-1061362,-647785,-32249,-905315,-1199457
-248855,1221534,-1225349,-637919,-678628,-491969,-193972,-85260,31756,201511,-1061362,-647785,-32249,-905315,-1199457
-248855,1221534,-1225349,-637919,-678628,-491969,-193972,-85260,31756,201511,-1061362,-647785,-32249,-905315,-1199457
-248855,1221534,-1225349,-637919,-678628,-491969,-193972,-85260,31756,201511,-1061362,-647785,-32249,-905315,-1199457
-248855,1221534,-1225349,-637919,-678628,-491969,-193972,-85260,31756,201511,-1061362,-647785,-32249,-905315,-1199457
-248855,1221534,-1225349,-637919,-678628,-491969,-193972,-85260,31756,201511,-1061362,-647785,-32249,-905315,-1199457
-248855,1221534,-1225349,-637919,-678628,-491969,-193972,-85260,31756,201511,-1061362,-647785,-32249,-905315,-1199457
-248855,1221534,-1225349,-637919,-678628,-491969,-193972,-85260,31756,201511,-1061362,-647785,-32249,-905315,-1199457
-248855,1221534,-1225349,-637919,-678628,-491969,-193972,-85260,31756,201511,-1061362,-647785,-32249,-905315,-1199457
-248855,1221534,-1225349,-637919,-678628,-491969,-193972,-85260,31756,201511,-1061362,-647785,-32249,-905315,-1199457
-248855,1221534,-1225349,-637919,-678628,-491969,-193972,-85260,31756,201511,-1061362,-647785,-32249,-905315,-1199457
-248855,1221534,-1225349,-637919,-678628,-491969,-193972,-85260,31756,201511,-1061362,-647785,-32249,-905315,-1199457
-248855,1221534,-1225349,-637919,-678628,-491969,-193972,-85260,31756,201511,-1061362,-647785,-32249,-905315,-1199457
-248855,1221534,-1225349,-637919,-678628,-491969,-193972,-85260,31756,201511,-1061362,-647785,-32249,-905315,-1199457
-248855,1221534,-1225349,-637919,-678628,-491969,-193972,-85260,31756,201511,-1061362,-647785,-32249,-905315,-1199457
-248855,1221534,-1225349,-637919,-678628,-491969,-193972,-85260,31756,201511,-1061362,-647785,-32249,-905315,-1199457
-248855,1221534,-1225349,-637919,-678628,-491969,-193972,-85260,31756,201511,-1061362,-647785,-32249,-905315,-1199457
-248855,1221534,-1225349,-637919,-678628,-491969,-193972,-85260,31756,201511,-1061362,-647785,-32249,-905315,-1199457
-248855,1221534,-1225349,-637919,-678628,-491969,-193972,-85260,31756,201511,-1061362,-647785,-32249,-905315,-1199457
-248855,1221534,-1225349,-637919,-678628,-491969,-193972,-85260,31756,201511,-1061362,-647785,-32249,-905315,-1199457
-248855,1221534,-1225349,-637919,-678628,-491969,-193972,-85260,31756,201511,-1061362,-647785,-32249,-905315,-1199457
-248855,1221534,-1225349,-637919,-678628,-491969,-193972,-85260,31756,201511,-1061362,-647785,-32249,-905315,-1199457
-248855,1221534,-1225349,-637919,-678628,-491969,-193972,-85260,31756,201511,-1061362,-647785,-32249,-905315,-1199457
-248855,1221534,-1225349,-637919,-678628,-491969,-193972,-85260,31756,201511,-1061362,-647785,-32249,-905315,-1199457
-248855,1221534,-1225349,-637919,-678628,-491969,-193972,-85260,31756,201511,-1061362,-647785,-32249,-905315,-1199457
-248855,1221534,-1225349,-637919,-678628,-491969,-193972,-85260,31756,201511,-1061362,-647785,-32249,-905315,-1199457
-248855,1221534,-1225349,-637919,-678628,-491969,-193972,-85260,31756,201511,-1061362,-647785,-32249,-905315,-1199457
-248855,1221534,-1225349,-637919,-678628,-491969,-193972,-85260,31756,201511,-1061362,-647785,-32249,-905315,-1199457
-248855,1221534,-1225349,-637919,-678628,-491969,-193972,-85260,31756,201511,-1061362,-647785,-32249,-905315,-1199457
-248855,1221534,-1225349,-637919,-678628,-491969,-193972,-85260,31756,201511,-1061362,-647785,-32249,-905315,-1199457
-248855,1221534,-1225349,-637919,-678628,-491969,-193972,-85260,31756,201511,-1061362,-647785,-32249,-905315,-1199457
-248855,1221534,-1225349,-637919,-678628,-491969,-193972,-85260,31756,201511,-1061362,-647785,-32249,-905315,-1199457
-248855,1221534,-1225349,-637919,-678628,-491969,-193972,-85260,31756,201511,-1061362,-647785,-32249,-905315,-1199457
-248855,1221534,-1225349,-637919,-678628,-491969,-193972,-85260,31756,201511,-1061362,-647785,-32249,-905315,-1199457
-248855,1221534,-1225349,-637919,-678628,-491969,-193972,-85260,31756,201511,-1061362,-647785,-32249,-905315,-1199457
-248855,1221534,-1225349,-637919,-678628,-491969,-193972,-85260,31756,201511,-1061362,-647785,-32249,-905315,-1199457
-248855,1221534,-1225349,-637919,-678628,-491969,-193972,-85260,31756,201511,-1061362,-647785,-32249,-905315,-1199457
-248855,1221534,-1225349,-637919,-678628,-491969,-193972,-85260,31756,201511,-1061362,-647785,-32249,-905315,-1199457
-248855,1221534,-1225349,-637919,-678628,-491969,-193972,-85260,31756,201511,-1061362,-647785,-32249,-905315,-1199457
-248855,1221534,-1225349,-637919,-678628,-491969,-193972,-85260,31756,201511,-1061362,-647785,-32249,-905315,-1199457
-248855,1221534,-1225349,-637919,-678628,-491969,-193972,-85260,31756,201511,-1061362,-647785,-32249,-905315,-1199457
-248855,1221534,-1225349,-637919,-678628,-491969,-193972,-85260,31756,201511,-1061362,-647785,-32249,-905315,-1199457
-248855,1221534,-1225349,-637919,-678628,-491969,-193972,-85260,31756,201511,-1061362,-647785,-32249,-905315,-1199457
-248855,1221534,-1225349,-637919,-678628,-491969,-193972,-85260,31756,201511,-1061362,-647785,-32249,-905315,-1199457
-248855,1221534,-1225349,-637919,-678628,-491969,-193972,-85260,31756,201511,-1061362,-647785,-32249,-905315,-1199457
-248855,1221534,-1225349,-637919,-678628,-491969,-193972,-85260,31756,201511,-1061362,-647785,-32249,-905315,-1199457
-248855,1221534,-1225349,-637919,-678628,-491969,-193972,-85260,31756,201511,-1061362,-647785,-32249,-905315,-1199457
-248855,1221534,-1225349,-637919,-678628,-491969,-193972,-85260,31756,201511,-1061362,-647785,-32249,-905315,-1199457
-248855,1221534,-1225349,-637919,-678628,-491969,-193972,-85260,31756,201511,-1061362,-647785,-32249,-905315,-1199457
-248855,1221534,-1225349,-637919,-678628,-491969,-193972,-85260,31756,201511,-1061362,-647785,-32249,-905315,-1199457
-248855,1221534,-1225349,-637919,-678628,-491969,-193972,-85260,31756,201511,-1061362,-647785,-32249,-905315,-1199457
-248855,1221534,-1225349,-637919,-678628,-491969,-193972,-85260,31756,201511,-1061362,-647785,-32249,-905315,-1199457
-248855,1221534,-1225349,-637919,-678628,-491969,-193972,-85260,31756,201511,-1061362,-647785,-32249,-905315,-1199457
-248855,1221534,-1225349,-637919,-678628,-491969,-193972,-85260,31756,201511,-1061362,-647785,-32249,-905315,-1199457
-248855,1221534,-1225349,-637919,-678628,-491969,-193972,-85260,31756,201511,-1061362,-647785,-32249,-905315,-1199457
-248855,1221534,-1225349,-637919,-678628,-491969,-193972,-85260,31756,201511,-1061362,-647785,-32249,-905315,-1199457
-248855,1221534,-1225349,-637919,-678628,-491969,-193972,-85260,31756,201511,-1061362,-647785,-32249,-905315,-1199457
-248855,1221534,-1225349,-637919,-678628,-491969,-193972,-85260,31756,201511,-1061362,-647785,-32249,-905315,-1199457
-248855,1221534,-1225349,-637919,-678628,-491969,-193972,-85260,31756,201511,-1061362,-647785,-32249,-905315,-1199457
-248855,1221534,-1225349,-637919,-678628,-491969,-193972,-85260,31756,201511,-1061362,-647785,-32249,-905315,-1199457
-248855,1221534,-1225349,-637919,-678628,-491969,-193972,-85260,31756,201511,-1061362,-647785,-32249,-905315,-1199457
-248855,1221534,-1225349,-637919,-678628,-491969,-193972,-85260,31756,201511,-1061362,-647785,-32249,-905315,-1199457
-248855,1221534,-1225349,-637919,-678628,-491969,-193972,-85260,31756,201511,-1061362,-647785,-32249,-905315,-1199457
-248855,1221534,-1225349,-637919,-678628,-491969,-193972,-85260,31756,201511,-1061362,-647785,-32249,-905315,-1199457
-248855,1221534,-1225349,-637919,-678628,-491969,-193972,-85260,31756,201511,-1061362,-647785,-32249,-905315,-1199457
-248855,1221534,-1225349,-637919,-678628,-491969,-193972,-85260,31756,201511,-1061362,-647785,-32249,-905315,-1199457
-248855,1221534,-1225349,-637919,-678628,-491969,-193972,-85260,31756,201511,-1061362,-647785,-32249,-905315,-1199457
-248855,1221534,-1225349,-637919,-678628,-491969,-193972,-85260,31756,201511,-1061362,-647785,-32249,-905315,-1199457
-248855,1221534,-1225349,-637919,-678628,-491969,-193972,-85260,31756,201511,-1061362,-647785,-32249,-905315,-1199457
-248855,1221534,-1225349,-637919,-678628,-491969,-193972,-85260,31756,201511,-1061362,-647785,-32249,-905315,-1199457
-248855,1221534,-1225349,-637919,-678628,-491969,-193972,-85260,31756,201511,-1061362,-647785,-32249,-905315,-1199457
-248855,1221534,-1225349,-637919,-678628,-491969,-193972,-85260,31756,201511,-1061362,-647785,-32249,-905315,-1199457
